{"stats":{"minecraft:dropped":{"minecraft:dirt":4,"minecraft:gunpowder":1,"minecraft:tnt":64},"minecraft:custom":{"minecraft:time_since_rest":13496,"minecraft:play_time":13496,"minecraft:crouch_one_cm":749,"minecraft:sprint_one_cm":1878,"minecraft:damage_taken":80,"minecraft:walk_one_cm":11625,"minecraft:sneak_time":1343,"minecraft:mob_kills":12,"minecraft:drop":4,"minecraft:jump":104,"minecraft:damage_dealt":200,"minecraft:leave_game":2,"minecraft:time_since_death":13496,"minecraft:total_world_time":13496,"minecraft:fall_one_cm":2220,"minecraft:fly_one_cm":292458},"minecraft:picked_up":{"minecraft:gunpowder":1,"minecraft:dirt":8},"minecraft:killed":{"minecraft:spider":1,"minecraft:skeleton":3,"minecraft:sheep":3,"minecraft:chicken":1,"minecraft:creeper":3,"minecraft:squid":1},"minecraft:mined":{"minecraft:grass_block":1,"minecraft:dirt":5},"minecraft:used":{"minecraft:dirt":4,"minecraft:flint_and_steel":1,"minecraft:tnt":1}},"DataVersion":3953}