{"stats":{"minecraft:dropped":{"minecraft:dirt":4,"minecraft:gunpowder":2,"minecraft:tnt":64},"minecraft:custom":{"minecraft:time_since_rest":19496,"minecraft:play_time":19496,"minecraft:crouch_one_cm":749,"minecraft:sprint_one_cm":1878,"minecraft:damage_taken":80,"minecraft:walk_one_cm":11637,"minecraft:sneak_time":1709,"minecraft:mob_kills":47,"minecraft:drop":5,"minecraft:jump":106,"minecraft:damage_dealt":245,"minecraft:leave_game":2,"minecraft:time_since_death":19496,"minecraft:total_world_time":19496,"minecraft:fall_one_cm":2220,"minecraft:fly_one_cm":387188},"minecraft:picked_up":{"minecraft:gunpowder":2,"minecraft:dirt":8},"minecraft:killed":{"minecraft:spider":3,"minecraft:skeleton":8,"minecraft:sheep":3,"minecraft:bat":4,"minecraft:glow_squid":3,"minecraft:zombie":7,"minecraft:chicken":1,"minecraft:creeper":12,"minecraft:squid":5,"minecraft:enderman":1},"minecraft:mined":{"minecraft:grass_block":1,"minecraft:dirt":5},"minecraft:used":{"minecraft:dirt":4,"minecraft:flint_and_steel":2,"minecraft:tnt":1}},"DataVersion":3953}